,PC1,PC2,sample_id,source,tissue,disease group,disease
Liver sample 1,9.161396129355404,4.633009802734042,GSM8491342,liver,liver,F3,MASLD
Liver sample 2,0.5385175497376764,10.194222577572418,GSM8491343,liver,liver,F4,MASLD
Liver sample 3,9.858820992925622,10.897472426517648,GSM8491344,liver,liver,F4,MASLD
Liver sample 4,-17.998695006791227,10.65630165782268,GSM8491345,liver,liver,F3,MASLD
Liver sample 5,-70.83793850176987,2.428792728716523,GSM8491346,liver,liver,F0-2,MASLD
Liver sample 6,-44.21145200045509,25.213608254403535,GSM8491347,liver,liver,F4,MASLD
Liver sample 7,38.71730908270989,28.470870460047852,GSM8491348,liver,liver,F4,MASLD
Liver sample 8,-31.126387946279046,14.36797575787733,GSM8491349,liver,liver,F4,MASLD
Liver sample 9,-53.20793551192864,20.554694763665037,GSM8491350,liver,liver,F4,MASLD
Liver sample 10,7.355573892729714,-3.1744811417954755,GSM8491351,liver,liver,F4,MASLD
Liver sample 11,8.271835626420312,19.023429612970567,GSM8491352,liver,liver,F4,CVH
Liver sample 12,9.769911058841672,18.730438870991737,GSM8491353,liver,liver,F4,CVH
Liver sample 13,-46.18608836406669,-18.162009738820323,GSM8491354,liver,liver,F4,CVH
Liver sample 14,-0.4127254260581976,-4.616186737184868,GSM8491355,liver,liver,F4,CVH
Liver sample 15,4.365649082544152,12.27176879696907,GSM8491356,liver,liver,F0-2,CVH
Liver sample 16,0.07558109966171292,-10.817216766523766,GSM8491357,liver,liver,F4,CVH
Liver sample 17,29.96907118509426,14.60557996037006,GSM8491358,liver,liver,F4,CVH
Liver sample 18,29.95999478282182,7.208559529120417,GSM8491359,liver,liver,F4,CVH
Liver sample 19,31.580765273306774,6.996040431248031,GSM8491360,liver,liver,F4,CVH
Liver sample 20,14.735761758171238,12.8879672349993,GSM8491361,liver,liver,F4,CVH
Liver sample 21,-6.184354475929134,-11.896787746998852,GSM8491362,liver,liver,F4,CVH
Liver sample 22,21.424179081029425,15.070147615906405,GSM8491363,liver,liver,F4,CVH
Liver sample 23,-44.306522447352556,10.003572071612062,GSM8491364,liver,liver,F4,CVH
Liver sample 24,22.981896508138664,18.45818924541506,GSM8491365,liver,liver,F4,CVH
Liver sample 25,15.089789284393119,8.774500484269367,GSM8491366,liver,liver,F4,CVH
Liver sample 26,22.631344183642923,25.348564705399852,GSM8491367,liver,liver,F4,CVH
Liver sample 27,-59.22044218670115,31.472640616918806,GSM8491368,liver,liver,F3,CVH
Liver sample 28,1.78944215815459,-5.363869425058212,GSM8491369,liver,liver,F4,CVH
Liver sample 29,1.7588529240934796,-17.934091983657723,GSM8491370,liver,liver,F3,CVH
Liver sample 30,-51.41451060591734,5.211725143008623,GSM8491371,liver,liver,F4,CVH
Liver sample 31,-1.0639581137835492,2.7993505670132364,GSM8491372,liver,liver,F4,CVH
Liver sample 32,6.425065091751939,-16.158684264174923,GSM8491373,liver,liver,F3,CVH
Liver sample 33,9.200913623921531,-1.3158683612023365,GSM8491374,liver,liver,F4,CVH
Liver sample 34,26.597510075304186,16.17471820086726,GSM8491375,liver,liver,F4,CVH
Liver sample 35,14.305602146005807,18.011292954111006,GSM8491376,liver,liver,F4,ARLD
Liver sample 36,16.333815608592978,3.4205211682975367,GSM8491377,liver,liver,F4,ARLD
Liver sample 37,20.386774910527794,21.716538401479458,GSM8491378,liver,liver,F4,ARLD
Liver sample 38,13.249493297925724,18.641320079030265,GSM8491379,liver,liver,F4,ARLD
Liver sample 39,29.031451480666288,12.80062665583658,GSM8491380,liver,liver,F4,ARLD
Liver sample 40,13.374294149975785,17.650605866038404,GSM8491381,liver,liver,F4,ARLD
Liver sample 41,20.18237502266289,22.5417364494425,GSM8491382,liver,liver,F4,ARLD
Liver sample 42,4.058358068339408,2.0624913935488,GSM8491383,liver,liver,F4,ARLD
Liver sample 43,-11.065742683194488,-16.589061414801172,GSM8491384,liver,liver,F4,ARLD
Liver sample 44,5.110892489542133,-13.839422119778067,GSM8491385,liver,liver,F4,ARLD
Liver sample 45,16.403439106890414,11.996597090214403,GSM8491386,liver,liver,F4,ARLD
Liver sample 46,20.432964863037075,21.247478409752542,GSM8491387,liver,liver,F4,ARLD
Liver sample 47,14.476740912629507,16.431869127865774,GSM8491388,liver,liver,F4,ARLD
Liver sample 48,15.701152376834077,17.277100979673374,GSM8491389,liver,liver,F4,ARLD
Liver sample 49,6.042506071532669,-24.302574573432405,GSM8491390,liver,liver,F0-2,MASLD
Liver sample 50,-2.4781757070671344,-27.962708755776852,GSM8491391,liver,liver,F0-2,MASLD
Liver sample 51,-15.271692560616982,-32.65888550845737,GSM8491392,liver,liver,F0-2,MASLD
Liver sample 52,-3.7898865016292267,-30.423862736456247,GSM8491393,liver,liver,F0-2,MASLD
Liver sample 53,-31.053819105184846,2.6700377523153525,GSM8491394,liver,liver,F4,MASLD
Liver sample 54,36.639431802998395,29.766445677473175,GSM8491395,liver,liver,F4,MASLD
Liver sample 55,9.115337570667194,9.012489159171267,GSM8491396,liver,liver,F3,MASLD
Liver sample 56,11.947973186160933,15.65457604961388,GSM8491397,liver,liver,F4,MASLD
Liver sample 57,5.545298429643474,12.285727249553672,GSM8491398,liver,liver,F3,MASLD
Liver sample 58,14.788200838378357,16.124648416548478,GSM8491399,liver,liver,F4,MASLD
Liver sample 59,22.507159020352503,17.684690998375206,GSM8491400,liver,liver,F4,MASLD
Liver sample 60,6.433350536281254,7.404475072532555,GSM8491401,liver,liver,F4,MASLD
Liver sample 61,22.952942824427332,7.598629364035228,GSM8491402,liver,liver,F0-2,MASLD
Liver sample 62,14.056285972728674,16.33864243996832,GSM8491403,liver,liver,F4,MASLD
Liver sample 63,-0.9562501544794555,3.173825971986196,GSM8491404,liver,liver,F4,MASLD
Liver sample 64,-4.866660424455123,-5.987401474862419,GSM8491405,liver,liver,F4,MASLD
Liver sample 65,24.165560755758694,20.346874213964995,GSM8491406,liver,liver,F4,MASLD
Liver sample 66,-12.280894212247738,-41.886662256503946,GSM8491407,liver,liver,F0-2,MASLD
Liver sample 67,0.7723540000566762,-22.05557788080674,GSM8491408,liver,liver,F3,MASLD
Liver sample 68,-32.049784472126085,-37.45815606883382,GSM8491409,liver,liver,F0-2,MASLD
Liver sample 69,-10.331879238187364,-21.222159395727513,GSM8491410,liver,liver,F3,MASLD
Liver sample 70,18.00384770443723,-2.7158436426357784,GSM8491411,liver,liver,F3,MASLD
Liver sample 71,12.737288121810879,-10.3648017680233,GSM8491412,liver,liver,F4,MASLD
Liver sample 72,-3.729675262964762,-28.760036666167778,GSM8491413,liver,liver,F0-2,MASLD
Liver sample 73,9.176506841365882,-15.006231375117556,GSM8491414,liver,liver,F0-2,MASLD
Liver sample 74,6.154449853534609,-9.891663679520489,GSM8491415,liver,liver,F4,MASLD
Liver sample 75,-14.806149440345889,-35.50150638354161,GSM8491416,liver,liver,F0-2,MASLD
Liver sample 76,7.29539571259963,-19.19192771650862,GSM8491417,liver,liver,F3,MASLD
Liver sample 77,9.645770430966971,-15.307231826383454,GSM8491418,liver,liver,F3,MASLD
Liver sample 78,5.901835242758862,-17.449857894866923,GSM8491419,liver,liver,F0-2,MASLD
Liver sample 79,7.1359615818492665,-27.812137423571993,GSM8491420,liver,liver,F0-2,MASLD
Liver sample 80,-3.702673684716978,-24.692742942662978,GSM8491421,liver,liver,F0-2,MASLD
Liver sample 81,-0.2569150876780725,-28.68448879199799,GSM8491422,liver,liver,F0-2,MASLD
Liver sample 82,-10.392421705032644,-27.634248934486425,GSM8491423,liver,liver,F0-2,MASLD
Liver sample 83,2.842641329615284,-31.804159827660808,GSM8491424,liver,liver,F0-2,MASLD
Liver sample 84,9.833060864892081,-25.093184129936553,GSM8491425,liver,liver,F0-2,MASLD
Liver sample 85,3.4033023999184606,-26.714445823296234,GSM8491426,liver,liver,F0-2,MASLD
Liver sample 86,12.70112260809096,-12.715427501899518,GSM8491427,liver,liver,F3,MASLD
Liver sample 87,0.864738689454554,-27.146214442009448,GSM8491428,liver,liver,F0-2,MASLD
Liver sample 88,10.570765325220071,-21.706982364761046,GSM8491429,liver,liver,F3,MASLD
Liver sample 89,6.597985311231387,-20.251509897122823,GSM8491430,liver,liver,F0-2,MASLD
Liver sample 90,6.362072001373654,-25.79422801664053,GSM8491431,liver,liver,F3,MASLD
Liver sample 91,19.99519852556897,-14.615307117698517,GSM8491432,liver,liver,F3,MASLD
Liver sample 92,-1.2423817644979014,-27.545544380157573,GSM8491433,liver,liver,F0-2,MASLD
Liver sample 93,3.111234669253313,-33.81985524813007,GSM8491434,liver,liver,F0-2,MASLD
Liver sample 94,15.919809475665504,-24.644159146117968,GSM8491435,liver,liver,F0-2,MASLD
Liver sample 96,-33.302860927496624,19.700326964339748,GSM8491436,liver,liver,F4,MASLD
Liver sample 97,-16.09035928084517,-8.791844120332804,GSM8491437,liver,liver,F4,MASLD
Liver sample 98,15.361687091644404,16.5099632096268,GSM8491438,liver,liver,F4,MASLD
Liver sample 99,18.825329171490775,12.549161140414125,GSM8491439,liver,liver,F4,MASLD
Liver sample 100,13.301384619379183,0.3038573934588955,GSM8491440,liver,liver,F4,MASLD
Liver sample 101,-6.565123802613731,-19.99459694414114,GSM8491441,liver,liver,F4,MASLD
Liver sample 102,-63.72610122679866,17.0870463626002,GSM8491442,liver,liver,F4,MASLD
Liver sample 103,-64.52933395405813,8.305072091304666,GSM8491443,liver,liver,F4,MASLD
Liver sample 104,3.671403204670058,-1.7958960945149212,GSM8491444,liver,liver,F4,MASLD
Liver sample 105,-2.5165801562438275,-1.290566381897671,GSM8491445,liver,liver,F4,MASLD
Liver sample 106,15.353348940900469,21.20740683950536,GSM8491446,liver,liver,F4,MASLD
Liver sample 107,14.02161812105208,-5.3442628564614525,GSM8491447,liver,liver,F4,MASLD
Liver sample 108,7.822811730720297,7.914012544242385,GSM8491448,liver,liver,F4,MASLD
Liver sample 109,-56.76989234469889,15.134016502987368,GSM8491449,liver,liver,F4,MASLD
Liver sample 110,-13.86270326863433,-31.841011402035974,GSM8491450,liver,liver,F4,MASLD
Liver sample 111,32.589985314768626,12.6153683902158,GSM8491451,liver,liver,F4,MASLD
Liver sample 112,-54.62327906665307,7.721971543290889,GSM8491452,liver,liver,F4,MASLD
Liver sample 113,-64.34649517303949,9.392067838945398,GSM8491453,liver,liver,F4,MASLD
Liver sample 114,-48.42998222523247,25.26518719899749,GSM8491454,liver,liver,F4,MASLD
Liver sample 115,-13.45230007536617,-4.22801376946256,GSM8491455,liver,liver,F4,MASLD
Liver sample 116,-7.277724915711404,7.07515414488042,GSM8491456,liver,liver,F4,MASLD
Liver sample 117,3.9499357850640004,-1.8323084400905527,GSM8491457,liver,liver,F4,MASLD
Liver sample 118,-0.0178593419166453,-10.656582787512647,GSM8491458,liver,liver,F4,MASLD
Liver sample 119,7.492760611824057,-14.492485886164898,GSM8491459,liver,liver,F0-2,MASLD
Liver sample 120,0.6896832201399204,-22.69934380354924,GSM8491460,liver,liver,F0-2,MASLD
Liver sample 121,8.438963165649902,-3.275596247950784,GSM8491461,liver,liver,F3,CVH
Liver sample 122,6.924453898279894,-17.535024761789984,GSM8491462,liver,liver,F0-2,CVH
Liver sample 123,18.64277730753105,11.705000654432665,GSM8491463,liver,liver,F0-2,CVH
Liver sample 124,8.27831290558146,-24.137820784349966,GSM8491464,liver,liver,F0-2,CVH
Liver sample 125,10.805023965951554,-16.62428757492531,GSM8491465,liver,liver,F3,CVH
Liver sample 126,18.344107224362816,-8.584901777812247,GSM8491466,liver,liver,F0-2,CVH
Liver sample 127,12.801261641934754,-0.04407039902250978,GSM8491467,liver,liver,F4,CVH
Liver sample 128,2.315219343199629,-20.539063470367097,GSM8491468,liver,liver,F3,CVH
Liver sample 129,1.808265141753463,-15.668573584113236,GSM8491469,liver,liver,F3,CVH
Liver sample 130,16.76010123505424,-4.396623445795933,GSM8491470,liver,liver,F4,CVH
Liver sample 131,12.84434103479685,-8.26406204125727,GSM8491471,liver,liver,F4,CVH
Liver sample 132,8.034976578032351,-15.642322577127663,GSM8491472,liver,liver,F0-2,CVH
Liver sample 133,-7.1245986993774135,-17.559566554401563,GSM8491473,liver,liver,F3,CVH
Liver sample 134,-1.5490016727181506,-20.896911505783425,GSM8491474,liver,liver,F0-2,CVH
Liver sample 135,9.856710624704746,-13.420025628684463,GSM8491475,liver,liver,F0-2,CVH
Liver sample 136,6.370554448950919,-19.78076905484909,GSM8491476,liver,liver,F0-2,CVH
Liver sample 137,-0.39417248603019356,-20.08845262611881,GSM8491477,liver,liver,F3,CVH
Liver sample 138,1.5814267009310718,-15.767273185137245,GSM8491478,liver,liver,F4,CVH
Liver sample 139,13.1870712234433,5.0447989274352745,GSM8491479,liver,liver,F4,CVH
Liver sample 140,8.375406376060369,-10.85770649765223,GSM8491480,liver,liver,F3,CVH
Liver sample 141,4.206769892604728,-18.20625731580858,GSM8491481,liver,liver,F0-2,CVH
Liver sample 142,11.762573896308325,-7.3667848919081775,GSM8491482,liver,liver,F3,CVH
Liver sample 143,27.912858551887943,18.192066779721067,GSM8491483,liver,liver,F0-2,CVH
Liver sample 144,8.194546124877483,4.1501210309943675,GSM8491484,liver,liver,F4,CVH
Liver sample 145,6.854776461879319,6.847728628083923,GSM8491485,liver,liver,F4,CVH
Liver sample 146,36.15050135020146,36.862142256082706,GSM8491486,liver,liver,F4,CVH
Liver sample 147,9.631375398902273,3.752161577658826,GSM8491487,liver,liver,F4,CVH
Liver sample 148,1.7673918368827986,4.0312758526997685,GSM8491488,liver,liver,F4,CVH
Liver sample 149,9.383050215546536,19.762692738948683,GSM8491489,liver,liver,F4,CVH
Liver sample 150,-45.94244281018572,12.568152112976849,GSM8491490,liver,liver,F4,CVH
Liver sample 151,3.5067724396204216,1.9618860533282476,GSM8491491,liver,liver,F4,CVH
Liver sample 152,-34.753922026499076,6.437084360801186,GSM8491492,liver,liver,F4,CVH
Liver sample 153,25.847883371893854,25.214985207753323,GSM8491493,liver,liver,F4,CVH
Liver sample 154,18.768809848690747,8.105053154597403,GSM8491494,liver,liver,F4,CVH
Liver sample 155,20.20570553737114,24.557337483745492,GSM8491495,liver,liver,F4,CVH
Liver sample 156,13.064751230167158,19.934466114286042,GSM8491496,liver,liver,F4,CVH
Liver sample 157,-25.19807894972051,-15.773525545627521,GSM8491497,liver,liver,F4,CVH
Liver sample 158,19.053890888092102,21.492006181162676,GSM8491498,liver,liver,F4,CVH
Liver sample 159,-23.369547390169007,3.5999985860179953,GSM8491499,liver,liver,F4,CVH
Liver sample 160,4.380502641694254,4.579904700975248,GSM8491500,liver,liver,F4,CVH
Liver sample 161,15.29370257377578,22.181816004390523,GSM8491501,liver,liver,F4,CVH
Liver sample 162,19.804229944420072,-5.84122447326966,GSM8491502,liver,liver,F4,CVH
Liver sample 163,3.4130560447319374,6.361619692172035,GSM8491503,liver,liver,F4,CVH
Liver sample 164,4.763731206272238,3.2360005145124324,GSM8491504,liver,liver,F4,CVH
Liver sample 165,10.129736868570195,6.794384087344101,GSM8491505,liver,liver,F4,CVH
Liver sample 166,-26.413325565931277,14.825833627870656,GSM8491506,liver,liver,F4,CVH
Liver sample 167,-52.66018137984982,27.486232782447274,GSM8491507,liver,liver,F4,CVH
Liver sample 168,-25.231828325462136,29.177132366503976,GSM8491508,liver,liver,F4,CVH
Liver sample 169,-49.03974512483205,15.548158748703704,GSM8491509,liver,liver,F4,CVH
Liver sample 170,-2.0749282584713544,-0.7344225054577566,GSM8491510,liver,liver,F4,CVH
Liver sample 171,-14.278290952946573,18.68546040201513,GSM8491511,liver,liver,F4,CVH
Liver sample 172,-53.532367900850616,20.354401038364,GSM8491512,liver,liver,F4,CVH
Liver sample 173,-24.010972998095262,36.01551419804448,GSM8491513,liver,liver,F4,CVH
Liver sample 174,-34.445831941089374,16.689180165245425,GSM8491514,liver,liver,F4,CVH
Liver sample 175,27.600054650728122,27.447626384207087,GSM8491515,liver,liver,F4,CVH
Liver sample 176,-33.47848593577071,11.710652252990927,GSM8491516,liver,liver,F4,CVH
Liver sample 177,1.6240461426560078,-22.901490473801655,GSM8491517,liver,liver,F0-2,CVH
Liver sample 178,13.158770446144008,-4.843794587643853,GSM8491518,liver,liver,F0-2,CVH
